Start Timing,Duration,,merged
51920,1520,Once upon a time,n
53340,2120,in a kingdom far far away,n
56198,3080,The king and queen were blessed with a beautiful baby girl,n
60478,2340,And throughout the land everyone was happy,n
64109,1320,Until the sun went went down,n
66111,3440,and they cw that their daughter were cursed with a frightful enchantment,c
69470,2805,that took hold each and every night,n
74640,3200,Desperate They sought the help of a fairy god mother,n
77996,2640,who had them lock the young princess away in a tower,n
80913,1320,there to await the kiss,n
82000,2360,of the handsome prince charming,n
87880,1720,It was he who would chance the perilous journey,n
90050,3040,through blistering cold and scorching desert,n
93200,2040,travelling for many days and nights,n
95475,1960,risking life and lip,n
97630,2682,to reach the Dragon's keep,n
105150,2682,For he was the bravest,j
107754,2922,and most handsome,j
113000,1521,In all the land,n
114877,1241,And it was destiny,n
116067,1561,that his kiss,n
118560,2562,would break the dreaded curse,n
121800,960,He alone,n
123833,1281,would climb to the highest room,n
125514,1161,of the tallest tower,n
126715,2161,to enter the princess' chambers,n
128916,2602,cross the room to her sleeping silhouette,n
131718,1922,pull back the goscmer curtains,n
133520,1081,to find her,n
135800,1201,What,a
136920,1882,Princess Fiona,s
138844,920,NO,a
139804,1602,Oh thank Heavens,n
141526,1481,Where is she,n
143398,1321,She's on her honeymoon,n
144448,840,Honeymoon,s
145328,1201,With whom,s
160520,3203,So she cid what's the problem baby,m
163876,1521,What's the problem I don't know,m
165632,1962,Well maybe I'm in love (love),m
167676,1441,Think about it every time,m
168746,2882,I think about it Can't stop thinking 'bout it,m
171628,3322,How much longer will it take to cure this,m
174950,4003,Just to cure it cause I can't ignore it if it's love (love),m
179434,4563,Makes me wanna turn around and face me but I don't know nothing 'bout love,m
184957,3163,Come on come on Turn a little faster,m
188276,3282,Come on come on The world will follow after,m
191871,7886,Come on come on Cause everybody's after love,m
202240,2882,So I cid I'm a snowball running,m
205630,3643,Running down into the spring that's coming all this love,m
209349,4844,Melting under blue skies Belting out sunlight shimmering love,m
214756,3643,Well baby I surrender To the strawberry ice cream,m
218516,4483,Never ever end of all this love Well I didn't mean to do it,m
222745,2722,But there's no escaping your love,m
227320,1962,These lines of lightning,m
228950,4363,Mean we're never alone Never alone no no,m
233709,3002,Come on Come on Jump a little higher,m
236315,3362,Come on come on If you feel a little lighter,m
239677,7966,Come on come on We were once upon a time in love,m
248880,2882,Accidentally in love,m
252280,2521,Accidentally in love,m
255192,2882,Accidentally in love,m
258871,3043,Accidentally in love,m
262350,2842,Accidentally in love,m
263455,4963,Accidentally in love,m
269028,1201,Accidentally,m
269120,5885,I'm in love I'm in love I'm in love I'm in love I'm in love I'm in love,m
275632,3402,Accidentally in love,m
279156,4964,I'm in love I'm in love,m
284720,1602,It's so good to be home,j
290274,1401,You and me and,n
295080,3082,Two can be as bad as one,m
298200,881,Donkey,s
299517,1601,Shrek Fiona,s
300962,1922,Well aren't you two a sight for sore eyes,j
303309,760,Give us a hug Shrek,j
303400,2362,You old love machine,j
305720,1961,And look at you Mrs Shrek,j
308127,1602,How about a side of sugar for the steed,j
309792,2081,Donkey what are you doing here,n
311996,1842,I was just taking care of your love nest for you,j
313957,2401,Oh you mean sorting the mail,n
316293,1682,and watering the plants,n
318192,1601,Yeah and feeding the fish,j
319656,1401,I don't have any fish,a
321158,921,You do now,n
322058,3362,I call that one Shrek and the other Fiona Shrek is a nasty devil,j
327073,2162,Oh look at the time I guess you'd better be going,n
329143,1521,Don't you want to tell me all about the trip,j
330744,1841,How about a game of parchese,j
332665,4524,Actually donkey shouldn't you be getting home to Dragon,n
337679,1881,Oh yeah That,c
339150,2882,I don't know she's been all moody and stuff lately,s
343316,1521,So I thought I'd move back in with you guys,n
344992,2962,Well you know we're always happy to see you Donkey,n
347719,5805,But Fiona and I are married now We need a little time to be together,n
355720,1361,Just with each other,n
358880,1281,Alone,n
360074,2482,cy no more You don't have to worry about a thing,n
362913,2762,I will always be here to make sure nobody bothers you,n
365594,641,Donkey,a
365680,920,Yes roomy,n
367318,1562,You're bothering me,a
369720,6485,OKcool I guess me and Pinnochio was gonna try to catch a tournament,n
376277,3963,so maybe I'll see you all Sunday,c
382920,2802,He'll be fine Now,n
385384,1281,Where were we,n
386913,3042,I think I remember,j
392960,681,Donkey,a
393350,3202,I know I know alone I'm going I'm going,a
396712,2122,Hey what do you want me to tell these other guys,j
409882,1041,Enough,a
415086,2201,Dearest Princess Fiona,n
417516,4083,You are hereby summoned to the kingdom of Far Far Away,n
421593,4243,for a royal ball in celebration of your marriage,n
426151,4164,at which time the king will bestow his royal blessing,n
429977,4683,upon you and yourerr Prince Charming,n
434740,5004,Love The king and queen of Far Far Away,n
439837,2041,AKA Mom and dad,n
442275,1081,Mom and dad,s
442986,1521,Prince Charming,s
444667,1802,A ball Can I come,s
446917,1120,We are not going,n
447669,681,What,s
448718,5484,I mean don't you think they might be a bit shocked to see you like this,n
453994,2642,Oh they might be a bit surprised,n
457029,2922,But they are my parents Shrek They love me,n
459638,2442,And don't worry They are gonna love you too,n
462470,3563,Yeah alright Somehow I don't think I'd be welcome at the country club,a
466194,1761,Will you stop it they are not like that,a
467998,1561,Then how do you explain sergeant Pompous,a
469285,1842,and the Fancy Pants Club band,a
471390,2962,Come on You can at least give them a chance,a
474169,2362,Oh to do what Sharping their pitchforks,a
476831,3002,NO They just wanna give you their blessing,a
479760,3162,Great Now I need their blessing,a
482975,2682,If you wanna be a part of this family yes,a
486115,1842,And who cys I wanna be part of this family,a
487619,2962,You did When you married me,a
491073,2282,Well there's some fine print for you,a
493151,2962,Ah So that's it You won't come,a
496118,1681,Trust me It's a bad idea,a
497786,2722,We are not going And that's final,a
502960,1922,Hey come on Shrek We don't wanna hit traffic,j
508080,2081,Don't worry We'll take care of everything,n
510235,2802,Hey wait for me,n
520920,721,Move on,n
526567,1161,Move on,n
527755,1881,Roll high,n
534312,961,Knock 'em out,n
534400,921,Count 'em dead,n
545800,1161,Are we there yet,n
546702,881,No,n
551360,1121,Are we there yet,n
552306,1041,Not yet,n
556429,1601,Hey are we there yet,n
558070,961,Noo,a
560040,760,Are we there yet,n
560952,721,NO,a
561917,1481,Are we there yet,n
563234,480,Yes,n
563911,441,Really,s
564000,920,NOO,a
565228,921,Aren't we there yet,a
566076,480,NO,a
566719,881,Aren't we there yet,a
567477,961,No we are not,a
567517,1481,ARE WE THERE YET,a
568600,921,NOO,a
571600,1401,Are we there yet Are we there yet,n
573602,1280,Hey that's not funny Hey that's not funny,a
575003,840,Hey that's really immature immature,a
578160,1881,See this is why I don't like ogres don't like ogres,a
580310,2362,I'm gonna just stop talking,a
582568,1601,Finally,a
585000,1441,But this is taking forever Shrek,a
586531,1401,And there ain't no flight movie or nothing,a
588436,5604,The kingdom of Far Far Away Donkey That's where we're going,n
594097,3362,FAR FARaway,n
598038,1641,Alright alright I get it,n
599821,1441,I'm just so bored,a
601556,2562,Well find a way to entertain yourself,n
625596,2202,For five minutes,a
627921,2162,Could you not be yourself,a
630397,2041,FOR FIVE MINUTES,a
639511,1482,ARE WE THERE YET,a
641272,920,Yes,j
641360,1121,Finally,j
649657,2122,WELCOME TO FAR FAR AWAY,n
658360,1962,It's gonna be champagne wishes,j
659905,1921,and caviar dreams from now on,j
662558,2442,We'll be back to pick you up later,j
665393,1401,VERcRCHERY,n
670759,2522,FAIRY GODMOTHER,n
673680,2722,Yeah we're definitely not in the swamp anymore,j
699840,2522,Hey ladies yeah,j
701975,1842,You work in that hat,j
711480,1962,Movie stuff,j
748280,4083,Announcing the long awaited return of the beautiful Princess Fiona,n
752652,2762,and her new husband,j
756880,1521,Now This is it,j
758632,1000,This is it,a
759377,1081,This is it,j
760597,1001,This is it,j
783795,2122,Why don't you guys go ahead I'll park the car,n
789920,1682,So,n
792200,1722,You still think this is a good idea,n
795078,1041,Of course,j
796124,2762,Look Mom and dad look happy to see us,n
799392,2162,Who on earth are they,s
801208,1841,I think that's our little girl,n
803519,3043,That's not little That's a really big problem,a
806172,3282,Wasn't she supposed to kiss prince Charming and break the spell,a
809454,3122,Well he's no prince Charming but they do look,n
812576,1001,Happy now,n
813280,2762,We came We cw them,n
816795,2322,Now let's go before they light the torches,f
819155,1201,They are my parents,n
820102,2241,Hello they locked you in a tower,a
822391,961,Hey that was for my own,a
823344,1681,Good Here's our chance,a
825065,2162,Let's go back inside and pretend we're not home,n
827675,1121,Harold we have to be,a
828388,920,Quick,a
829040,2162,While they are not looking we can make a run for it,n
831838,1801,Shrek Stop it Everything's gonna be,a
833311,1882,A dicster They know,a
835233,1481,You can do this,n
836754,881,But it's a really,f
837798,920,really,a
844200,441,Mom,j
844640,1361,Dad,j
848560,2402,I'd like you to meet my husband Shrek,n
854440,1921,Well OohAah It's,n
856280,2842,easy to see where Fiona gets her good looks from,n
859477,2322,He he,n
895959,761,Excuse me,n
898190,2601,Better out than in I always cy eh Fiona,j
905792,1722,I guess not,c
907549,1321,What do you mean I'm not on the list,a
908767,1320,Don't tell me you don't know who I am,a
910128,3602,He hey What's happening everybody Thanks for waiting,a
915812,1721,NO NO Bad donkey bad DOWN,a
917533,3242,No no dad it's alright He's with us,n
920855,1882,He helped rescue me from the dragon,n
922777,1521,Yeah that's me the noble steed,n
924378,2001,Hey waiter How about a bowl for the steed,j
926419,1441,Oh boy,c
930422,641,Ah Shrek,n
931120,2402,Yeah Oh sorry,n
933545,2562,Great soup Mrs Q,j
937149,1521,No no noDarling,n
943312,2922,So Fiona Tell us about where you live,n
947240,2562,Well Shrek owns his own land,n
949957,2201,Don't you honey,n
951720,1361,Yes He he,j
953559,2762,It's in an enchanted forest,n
956321,4964,abundant in squirrels and cute little duckies and,n
961751,1001,What,s
961840,1801,I know you ain't talking about the swamp,n
964167,480,Donkey,a
964687,3123,An ogre from a swamp Oh how original,n
969319,2882,Well I suppose that would be a fine place to raise the children,n
981500,2722,It's a bit early to be thinking about that isn't it,s
984262,2361,Indeed I've just started eating,a
986824,1521,What's that supposed to mean,a
987920,720,Dad,a
989145,1081,It's clean OK,a
990266,1241,Well for his type yes,a
991547,1161,My TYPE,a
992748,1681,I'm going to the bathroom,n
995074,1922,Dinner is served,n
996711,1281,Never mind I can hold it,n
1003396,1521,Bon appetit,n
1005109,1961,Oh Mexican food My favourite,s
1006958,3763,Well let's not just sit here with our tummies rumbling Everybody dig in,n
1011110,1081,Don't mind if I do Lillian,n
1011882,3643,So I suppose the grand children I could expect from you would be,a
1015565,2081,Ogres Yes,n
1017686,1721,Not that thereŠ—Ès anything wrong with that,n
1019447,1121,right Harold,n
1020608,2202,Oh no Of course not,n
1023232,2842,That is assuming you don't eat your own young,a
1025732,721,Dad,a
1026480,4483,Oh no We usually prefer the ones that've been locked away in a tower,a
1031757,561,Shrek Please,a
1031840,1681,I only did that because I loved her,a
1033818,2962,Oh aye Day care in dragon guarded castle,a
1036820,1962,You wouldn't understand You're not her father,a
1045280,2362,It's so nice to have the family together for dinner,n
1052200,1041,Harold Shrek,s
1052872,1001,Fiona Fiona,s
1053520,1281,Mom Harold,s
1055709,1120,Donkey,n
1116759,3082,Your fallen tears have called to me,m
1120312,4163,So here comes my sweet remedy,m
1124988,4684,I know what every princess needs,m
1129608,5164,For her to live life happily,m
1134910,961,Ah Ah,s
1136788,801,Oh my dear,s
1136880,1841,Look at you heh heh,s
1139255,1841,You're all hm,s
1140793,1041,grown up,s
1143591,1401,Err who are you,s
1144200,3563,Oh this is Sweet Pea I am your fairy godmother,n
1148302,1441,I have a fairy godmother,s
1150904,4443,Sh now don't worry I'm here to make it all better,n
1155387,3242,with just a,n
1158998,3843,wave of my magic wand your troubles will soon be gone,m
1163110,2202,with a flick of a wrist and just a flash,m
1164874,1921,you'll land a prince with a ton of cash Haha,m
1167155,1682,A high priced dress made by mice no less,m
1168837,2441,some crystal glass pumps and no more stress,m
1171871,1921,Worries will vanish your soul will dance,m
1173871,1841,Confide in your very own furniture friends,m
1175632,2482,We'll help you set a new fashion trend,m
1177923,2362,I'll make you fancy I'll make you great,m
1180365,1641,the kind of girl a prince would date,m
1182086,2042,They'll write your name on the bathroom wall,m
1184128,1921,For happy ever after give Fiona a call,m
1186049,2202,Swirling cash arrive in style,m
1188331,1921,sexy men my chauffer Kyle,m
1190332,1762,Vanish your blemishes tooth decay,m
1192134,1881,cy light thighs we'll pay the way,m
1194396,2402,a roll in the the hay a new chauffeurŠ—Ès day,m
1196537,3683,Nip and tuck here and there to land that prince with the perfect hair,m
1200260,1601,lipstick liner shadows blush,m
1201941,1641,to get the prince with the sexy tush,m
1204156,1441,Lucky day up boo bay,m
1207118,1361,Hear you swoon on the moon,m
1208145,1401,with the prince do this tune,m
1209626,1401,DonŠ—Èt be drab you'll be fab,m
1213000,1441,Have some chicken fricassee,m
1220111,1321,Look,a
1221872,3202,Thank you very much fairy godmother but,n
1224640,1641,I really don't need all this,n
1232200,1121,Fiona,n
1233684,961,FIONA,s
1238528,2882,Oh You got a puppy All I got in my room was shampoo,s
1241998,1241,Oh Ah,n
1243131,1241,Fairy godmother,n
1244612,1321,furniture,n
1245760,2402,I'd like you to meet my husband Shrek,n
1249030,841,Your husband,s
1249160,880,What,s
1250656,1642,When did this happen,s
1252596,1561,Shrek is the one who rescued me,n
1254272,921,But that can't be right,a
1254980,2802,Oh great More relatives,a
1258114,1161,She's just trying to help,n
1259103,1761,Good She can help us pack,a
1260944,1481,Get your coat dear We're leaving,a
1262465,1561,What Leaving I don't wanna leave,s
1264066,1281,When did you decide this,s
1265347,1561,Shortly after arriving,a
1267028,921,Look I err I'm sorry,n
1268269,3083,No no that's alright I need to go anyway,n
1271552,1321,But remember dear,n
1272913,1801,If you should ever need me,n
1274794,3002,Happiness is just a teardrop away,n
1278278,3683,Thanks But we've got all the happiness we need Happy Happy Happy,a
1281639,1401,So I see,a
1284830,1321,Let's go Kyle,j
1289320,1241,Very nice Shrek,a
1290165,2482,What I told you coming here was a bad idea,n
1292727,2642,you could have at least tried to get along with my father,a
1295369,4163,Somehow I think I wasn't gonna get daddy's blessing even if I did want it,a
1299772,3803,Do you think it might be nice if somebody asked me what I wanted,a
1303655,2402,Sure Do you want me to pack for you,n
1306137,1881,You're unbelievable,a
1308098,1441,You behave like a,a
1310900,1482,Go on cy it,a
1312502,1161,Like an ogre,a
1313743,3082,Well here's a news flash for you Whether your parents like it or not,a
1316865,2682,I am an ogre,a
1324711,3882,And guess what princess That's not about to change,a
1333957,3723,I made changes for you Shrek think about that,a
1339682,5764,That's real smooth Shrek I'm an ogre Arrrgh,n
1368423,1280,I knew this would happen,a
1370399,1721,You should You started it,a
1371785,2362,I can hardly believe that Lillian I mean Lily,n
1374227,1441,He's the ogre not me,n
1376234,3042,I think Harold you're taking this a little too personally,n
1379030,1962,This is Fiona's choice,n
1381112,3042,Yes but she was supposed to choose the prince we picked out for her,a
1384274,4123,And you expect me to give my blessings to this this thing,a
1388477,3403,Fiona does And she'll never forgive you if you don't,n
1392954,2762,I don't want to lose our daughter again Harold,n
1396523,3042,Oh you act as if love is totally predictable,n
1400074,2162,Don't you remember when we were young and,n
1402007,2602,we used to walk down by the lily pond,n
1405758,1000,They were in bloom,n
1406450,1161,Our first kiss,n
1408912,1201,It's not the cme,a
1409693,2321,I don't think you realize that our daughter,a
1412054,1682,has married a monster,a
1414274,2321,Oh stop being such a drama king,n
1416555,3202,Fine Pretend there's nothing wrong Ladidadidas,a
1419620,3122,Oh wonderful How can it get any worse,a
1423476,761,Hello Harold,n
1423560,961,What happened,n
1424840,1321,Nothing nothing dear,n
1426796,3042,just the old crucde wound playing up a bit hahaha,n
1429800,2561,I'll err just stretch it out here for a while,n
1432750,840,You'd better get in,n
1433440,1561,We need to talk,n
1435632,2201,Actually fairy godmother just off to bed,n
1437953,3523,Already taken my pills Tend to make me a bit drowsy,n
1441596,3322,Soerr how about we make this a quick one,n
1445909,1521,Oherrhello,s
1450603,1281,So What's new,s
1451924,3202,Do you remember my son prince Charming,n
1455166,3923,Charming Is that you My gosh It's been years,n
1459169,2001,Aerr when when did you get back,s
1461290,2482,Oh about five minutes ago actually,n
1464132,3563,after I endured blistering winds scorching desert,a
1467775,2082,I climbed to the highest room in the tallest,a
1469977,2281,Mommy can handle this,n
1473099,3603,He endures blistering winds and scorching deserts,a
1476742,3802,He climbs to the highest bloody room of the tallest bloody tower,a
1480585,1320,and what does he find,a
1481760,3842,Some gender confused wolf telling him that his princess,a
1485828,1361,has already married,a
1487269,2923,It wasn't my fault He didn't get there in time,a
1490272,1681,STOP THE CAAAR,a
1493879,1161,Harold,a
1495552,4363,You force me to do something I really don't want to do,a
1501038,641,Where are we,f
1502997,120,Welcome,n
1503080,880,May I take your order,n
1505243,3362,My diet is ruined Now I hope you're happy,a
1508685,3483,OKTwo Renaiscnce,n
1512713,1201,I'll have the medieval meal,n
1513489,3042,One medieval meal and Harold curly fries,n
1516280,920,No no thank you,n
1517532,920,Harold what do you want,n
1518280,881,No really I'm fine,n
1519493,1921,Your order fairy godmother,n
1521534,2122,And this comes with medieval meal,n
1523856,1241,Here you are dear,n
1528059,1802,You see we made a deal Harold,n
1529981,2401,And I assume you don't want me to go back on my part,n
1532795,1401,Indeed not,c
1534024,3722,So Fiona and Charming will be together,n
1537826,841,Yes,c
1538600,2602,Oh believe me Harold It's what's best,n
1541429,2522,not only for your daughter,n
1545112,1601,but for your kingdom,n
1550556,2922,But what am I supposed to do about it,n
1554719,1601,Use your imagination,a
1577936,1801,THE POISON APPLE,n
1594240,1681,Come on in your majesty,n
1614915,760,Excuse me,n
1615563,1962,Do I know you,n
1618005,2682,Err you must me mistaking me for someone,n
1620807,4283,Err excuse me I err am looking for the ugly step sister,n
1626811,2442,Aah there you are right,s
1629834,4804,You see I need to have someone taken care of,n
1635040,761,Who's the guy,n
1635658,2602,he's not guy per seehm,n
1639238,1361,He's ogre,n
1642743,2082,Hey buddy Let me clue you in,n
1644865,2722,There's only one fella who can handle a job like that,n
1647667,3122,And frankly he don't like to be disturbed,n
1651240,1241,Where could I find him,n
1656193,680,Hello,f
1658756,1561,Who dares to enter my room,a
1660756,1962,Sorry I hope I'm not interrupting,n
1662758,3682,but I'm told you're the one to talk to about an ogre problem,n
1666958,1722,You're told correct,n
1668282,3202,But for these I charge a great deal of money,n
1672405,2041,Would this be enough,n
1680691,3482,You have engaged my valuable services,n
1684253,1401,Your majesty,n
1686549,3162,Just tell me where can I find this ogre,n
1706479,5484,Everyone cys I'm getting down to low,m
1713428,6164,"Everyone cys""You just gotta let it go""",m
1720070,2322,You just gotta let it go,m
1731848,5804,I need some sleep Time to put the old bones down,m
1739680,5524,I'm in too deep and the wheels keep spinning round,m
1746440,5484,Everyone cys You just gotta let it go,m
1755000,4043,Dear knight I pray that you take this favour as a token of my gratitude,n
1780444,920,Dear diary,n
1782354,2602,Sleeping Beauty is having a slumber party tomorrow,n
1785034,1401,but dad cys I can't go,c
1786128,1961,He never lets me out after sunset,a
1788795,2321,Dad cys I'm going away for a while,n
1791212,2481,Must be like some finishing school or something,n
1794590,1601,Mom cys that when I'm old enough,n
1796776,2481,my handsome prince Charming will rescue me from my tower,n
1799297,1802,and bring me back to my family,n
1802554,2321,And we'll all live happily ever after,j
1805757,2321,Mrs Fiona Charming,n
1810025,1321,Mrs Fiona Charming,n
1811987,1241,Mrs Fiona Charming,n
1813308,2241,Mrs Fiona Charming,n
1824516,3282,Sorry I hope I'm not interrupting or anything,n
1828393,2282,No no I was just reading a,n
1831481,1161,a scary book,n
1833793,4082,I was hoping you'd let me apologize for my despicable behaviour earlier,n
1837686,1321,OK,s
1838840,1401,I don't know what came over me,n
1840488,3082,Do you suppose we can just pretend it never happened and start over,n
1843610,1921,Your majesty I just,n
1845651,921,Call me dad,n
1846772,921,Dad,c
1848333,2482,We both acted like ogres,n
1851639,2762,Maybe we just need some time to get to know each other,n
1854218,1201,Excellent idea,j
1855160,3162,I was actually hoping you might join me for morning hunt,n
1862264,2401,I know it would mean the world to Fiona,n
1873668,3402,Shall we cy 730 by the old oak,n
1882398,1962,Face it Donkey We're lost,a
1884440,2802,We can't be lost We followed the king's instructions exactly,n
1887522,2001,What did he cy head for the deepest darkest part of the wood,n
1889563,921,Aye,n
1890604,1922,Pass the sinister trees with those scary looking branches,n
1892566,920,Check,n
1893526,1481,And there's that bush that's shaped like Shirley Bassey,n
1895128,2321,We passed that bush three times already,a
1897529,2762,Hey you were the one who cid you don't wanna stop and get directions,n
1900411,921,Ah great,a
1901360,3042,My one chance to fix things up with Fiona's dad,n
1904454,2082,and I end up lost in the woods with you,a
1906616,2522,Alright You don't have to get all hoppy with me I'm only trying to help,a
1909178,1761,I know I know,a
1913421,1081,I'm sorry alright,c
1914120,1721,Hey don't worry about it,n
1916383,2922,I just really need to make things work with this guy,n
1919465,2402,Yeah sure Now let's go bond with daddy,n
1929993,1161,Well well Donkey,n
1930880,3843,I know it was kind of a tender moment but but the purring,n
1935117,1721,What are you talking about I ain't purring,n
1937392,2282,Oh sure What's next a hug,n
1939675,3002,Hey Shrek Donkeys don't purr Who do you think I am some kinda,n
1942442,3162,Haha Fear me If you dare,n
1946360,1001,Hey look A little cat,n
1947554,1361,Look out Shrek We got a beast,n
1948800,3603,It's a cat Donkey Come here little kitty kitty,n
1952850,640,Come on,n
1955812,1881,Oho come here little kitty,n
1960080,1481,Oh Shrek I'm coming,a
1961640,561,Come on,n
1962857,841,Get it off,f
1963738,1601,GET IT OFF,f
1970503,720,Look out Shrek,n
1971560,1241,GET IT OFF,f
1973105,1200,Hold still,s
1975876,640,Did I miss,s
1977040,1080,No,n
1978468,1161,You got them,n
1983192,1281,Now the ogre,n
1984953,1802,Pray for mercy from,n
1988436,2161,Puss in Boots,n
1990958,1921,I'll kill that cat,a
2012160,841,Hair ball,n
2013494,1481,Ah that is nasty,d
2015709,1641,What do you reckon we should do with him,n
2017497,2082,I cy we take the sword and neuter him right here,n
2019619,1441,Give him the barbarber treatment,n
2021100,1881,Oh mercy Please,c
2023148,2522,I implore you It was nothing personal senor,n
2025874,2402,I was doing it only for my family My mother she's sick,n
2027640,2361,My father lives on the garbage,n
2030426,3043,The king offered me much in gold and I have a little brother,n
2033589,4163,Wow ohohoh Fiona's father paid you to do this,s
2037832,1761,The rich king Si,j
2042996,3242,Well so much for dad's royal blessing,c
2046358,1881,Oh come on Shrek Don't feel bad,n
2047776,1722,Almost everybody that meets you wants to kill you,n
2050001,1321,Gee thanks,n
2054124,3803,Maybe Fiona would have been better off if I were some sort of prince Charming,c
2057967,1961,See that's what the king cid,n
2061089,3162,Oh Errsorry I thought the question was directed at me,n
2065613,2442,Shrek Fiona knows you'll do anything for her,n
2068574,2682,It's not like I wouldn't change if I could,n
2072057,3522,I just wish I could make her happy,c
2080863,1321,Happiness,n
2082785,2201,A teardrop away,n
2085066,4083,Donkey think of the cddest thing that ever happened to you,n
2089470,1961,Oh man where do I begin,n
2091471,3322,First there was the time that old farmer tried to sell me for some magic beans,n
2094834,920,I never got over this,n
2095794,1842,Then this fool would often have a party,n
2097176,1921,and he'd have all the kids trying to pin a tail on me,n
2099597,2682,Then they all got drunk and started beating me with a stick,a
2102319,921,Penada penada,a
2103280,1481,What is a penada anyway,a
2104769,2562,No Donkey I need you to cry,n
2107403,1681,Yeah Well don't go projecting on me,a
2109164,1881,I know what you're feeling man But you gotta let your own,a
2114172,2442,You little hairy licking sucker,c
2122894,2482,Is it on Is it on,s
2125376,2602,this is fairy godmother,n
2128098,2322,I am either away from my desk or with a client,n
2130420,4243,But if you come by the office we'd be glad to make you a personal appointment,n
2134943,1081,Have a happy ever after,j
2140895,2001,Oh are you up for a little quest Donkey,n
2142588,3643,that's more like it Shrek and Donkey on another worldwide adventure,n
2146311,2602,Ain't no stopping us now,m
2149674,520,Stop Ogre,a
2150314,2242,I have misjudged you,c
2152596,1721,Join the club We've got jackets,n
2154437,3723,My honour I am obliged to accompany you until I have cved your life,n
2158160,1681,but you have to spare me mine,n
2159881,3363,Sorry the position of annoying talking animal has already been taken,a
2163244,1200,Let go Shrek,a
2165045,1001,Shrek,n
2174652,560,Shrek,s
2175696,2322,Come on Donkey Look at him,n
2177654,1721,This wee little,n
2179535,2562,How many cats can wear boots,n
2182177,2042,Honestly Let's keep him,n
2184016,961,What,a
2188496,1641,Oh listen He's purring,n
2190503,1201,Oh so now he's cute,a
2191456,2002,Oh come on Donkey Lighten up,n
2193786,2922,I should lighten up Look who's teeling who to lighten up,a
2199896,960,Shrek,j
2206195,801,Shrek,c
2217643,1922,They're both festive aren't they,n
2219605,1721,What do you think Harold,n
2221566,2162,Ahem yes yes Fine fine,n
2226091,3843,Try to pretend that you're at least interested in your daughter's wedding ball,n
2229692,2322,Honestly Lilian I don't think it really matters,n
2232054,2241,How do we know that thereŠ—Ès even going to be a ball,n
2234376,1601,Mom Dad,j
2236017,1321,Oh hello dear,n
2237176,2522,What's that Cedric Right Coming,n
2239940,2241,Mom have you seen Shrek,n
2242221,2562,I haven't You should ask your father,n
2244823,4483,Be sure and use small words dear He's a little slow this morning,n
2249427,1601,Can I help you your majesty,n
2250656,4403,Ahyes Exquisite What do you call this dish,n
2255551,3162,That would be the dog's breakfast your majesty,n
2258753,3483,Ah yes Very good Carry on Cedric,n
2262396,2442,Dad have you seen Shrek,c
2264838,960,No I haven't dear,n
2266199,3763,I'm sure he went off to look for a nice mud hole to cool down in,n
2270082,1721,After your little spat last night,n
2272243,1802,Oh you heard that hah,n
2274085,2161,Darling the whole kingdom heard you,n
2276286,4323,I mean after all it is in his nature to be a bit of a brute,n
2280649,3683,Him Well you know you didn't exactly roll out the welcome wagon,a
2284372,3282,What did you expect Look at what he's done to you,a
2288966,2482,Shrek loves me for who I am,n
2291457,2242,I would think you'd be happy for me,n
2293939,3363,Honey I'm just thinking about what's best for you,n
2297462,2642,Maybe you should do the cme,n
2313794,960,No Really,s
2321696,1001,Ooh,s
2326816,2922,Ohno that's old keepless place Let's just back away slowly,f
2330085,1562,That's the fairy godmother's cottage,n
2331687,3242,She's the largest producer of hexes and potions in the whole kingdom,n
2335129,2162,Then why don't we pop in there for a spell,j
2337571,1161,Spell,j
2351616,1641,Hi I'm here to see the,n
2352902,1001,fairy godmother,n
2353896,2001,I'm sorry She's not in,n
2356064,2402,Jerome Coffee and a magic crystal Now,a
2358506,4283,Yes fairy godmother Right away,n
2362869,2682,Look she's not seeing any client today OK,n
2365591,2042,Not OK buddy We're from the Union,n
2367673,1241,The Union,s
2368966,4283,We represent the workers in all magical industries both evil and benign,n
2373357,1401,Ohohalright,n
2374376,3082,Are you feeling at all degraded or oppressed,n
2377880,1962,Err a little,n
2379962,1721,We don't even have dental,n
2381723,1321,Don't even have dental,n
2383525,2041,OK We're just gonna have a look around,n
2385766,4243,Oh by the way I think it'd be better if the Fairy Godmother didn't know we were here,n
2390129,1241,You know what I'm cying eh,n
2394134,2082,Of course Go right in,n
2424675,1761,Drop of desire,j
2427208,1040,Naughty,j
2430599,1601,A pinch of passion,j
2437084,3562,And just a hint oflust,n
2444096,800,Excuse me,n
2445136,2282,Sorry to barge in like this but,n
2447852,2682,What in Grimm's name are you doing here,a
2450574,5323,Well it seems that Fiona is not exactly happy,c
2456018,3762,Oh there's some question as to why that is,a
2460524,1841,Well let's explore that shall we,n
2465096,2121,Ah P p p Princess,n
2466865,1201,Cinderella,n
2468106,1882,Here we are lived happily ever after,n
2471069,1481,No ogres,j
2473030,1601,Let's see Snow White,n
2474256,3163,Handsome prince Oh no ogres,n
2478354,2161,Sleeping Beauty Oh No ogres,n
2480596,1881,Hansel and Gretel No,n
2482517,1241,Thumbelina No,n
2483798,2442,The Golden Bird The Little Mermaid Pretty Woman,n
2486280,3923,NO NO No No You see,a
2490256,2842,Ogres don't live happily ever after,n
2493445,921,All right Look lady,a
2494454,4523,Don't you point those dirty green cucges at me,a
2500450,2762,Crystal and coffee Oh Sorry,n
2503772,3283,Ah that's OK We were just leaving,n
2507735,2442,Very sorry to have wasted your time Miss godmother,n
2510257,1802,Just go,d
2512419,1001,Come on guys,n
2532393,2482,Working hard hey Mac,n
2537637,1281,POTION ROOM,m
2543682,5203,Hey man you wanna get your boot outa my face That stinks,a
2549566,2682,Well you don't exactly smell like a basket of roses,a
2556096,1482,One of these has got to help,n
2557372,2441,Oh I was just concocting this very plan,n
2559853,2562,Already our minds are becoming one,n
2562455,4003,When we need an expert on licking ouselves we'll give you a call,a
2567219,1681,Shrek this is a bad idea,a
2569140,3002,Look Make yourself useful and go keep watch,n
2572303,2922,Puss do you think you could get to those on top,n
2575225,3682,No problemo boss In one of my nine lives I was the great burglar,n
2578496,1802,of cntiago de Compostella,j
2581336,1200,Shrek,a
2582696,2082,Donkey keep watch,n
2585614,1921,Keep watch Yeah I'm gonna keep watch,a
2593318,1161,What do you see,n
2594496,1081,Toads softener,n
2596040,3843,Oh yeah I'm sure a nice BM is the perfect solution for marital problems,a
2600163,1121,Alca seltzer,n
2603136,2442,"No try ""handsome""",n
2606492,1361,"Sorry no ""handsome'",c
2608769,2682,"How about ""Happily ever after""",n
2612928,1641,Well what does it do,n
2615052,2561,It cys beauty divine,n
2617375,3163,You know in some cultures donkeys are revered as the wisest of all creatures,a
2620578,1761,Especially us talking ones,n
2623209,1281,Donkey,s
2626896,1401,That will have to do We got company,n
2634868,1321,Can we get over with this,a
2649239,1161,Nice catch Donkey,j
2650760,1001,Finally,n
2657253,1081,COME ON,s
2717213,3522,I don't care whose fault it is Just get this place cleaned up,a
2721051,921,Yes fairy godmother,n
2722452,4603,And somebody bring me something deep fried and smothered in chocolate,d
2727212,841,Mother,n
2728096,2201,Charming Sweetheart,n
2730698,3363,This isn't a good time pumpkin Mamma's working,n
2734141,1521,What happened here,n
2735742,1641,The ogre That's what,a
2737056,921,What,s
2738424,1041,Where is he mamma,a
2740014,2522,I shall rend his head from his shoulders,a
2742485,2121,I will smite him where he stands,a
2744268,3523,He will rue the very day he stole my kingdom from me,a
2748810,3402,Oh put it away junior You still gonna be king,n
2752394,2922,We've just gonna have to come up with something smarter that's all,n
2755764,3883,Pardon Everything is accounted for Fairy Godmother,n
2759359,1641,Except for one potion,n
2761121,1000,What,s
2765011,2762,I do believe we can make this work to our advantage,j
2770087,3202,Happily Ever After potion Maximum strength,n
2773530,1801,For you and your true love,n
2775411,3483,If one of you drinks this you both will be fine,n
2778934,2201,happiness comfort and beauty divine,n
2781215,1081,You both will be fine,s
2782336,3082,I guess it means it will affect Fiona too,n
2785885,1721,Hey man This don't feel right,f
2787700,1801,My donkey senses are tingling all over,f
2789541,2482,Why don't you just drop that jug of voodoo and let's get outta here,f
2792103,3563,It cys beauty divine How bad can it be,n
2797616,2802,I see you're allergic to that stuff You're gonna have a reaction,n
2800629,3323,And if you think that I'm gonna be smearing baby rub all over your chest,a
2803992,760,think again,a
2805033,3002,Just in case there's something wrong with the potion,n
2808075,1561,allow me to take the first sip,n
2809716,3323,It would be an honour to lay my life on the line for you,n
2813079,2321,Ah no no no I don't think so,a
2815440,2682,if there's gonna be any animal testing I'm gonna do it,n
2818162,3243,That's the best friend's job Now give me that bottle,a
2826328,881,How do you feel,n
2828654,2321,Well I don't feel any different,n
2830691,1201,Do I look any different,n
2831972,1441,You look like an ass to me,n
2834886,1842,Maybe it doesn't work on donkeys,n
2837888,3162,Well here's to us Fiona,n
2841259,961,Shrek,s
2842530,1761,If you drink that there's no going back,n
2844141,721,I know,a
2844982,1841,But no more wallowing in the mud,n
2847224,1160,No more itsy butt crack,n
2848096,921,I know,a
2849734,1521,But you love being an ogre,n
2854669,1841,But I love Fiona more,c
2858232,1040,Shrek no Wait,c
2871965,4163,I think you grabbed the fartier of the potion,d
2876405,1401,Maybe it's a dud,n
2878406,2842,Or maybe Fiona and I were never meant to be,c
2885456,2602,Ooh what did I tell you I think something coming on,f
2888133,2162,I don't wanna die I don't wanna die,f
2890335,2082,I DON'T WANNA DIE Oh Please,f
2892216,3882,I am melting I'm melting I'M MELTIIING,f
2896459,2082,It's just the rain Donkey,c
2899407,1121,All right,n
2941773,3162,Oh Shrek don't worry Things seem bad 'cause it's dark and rainy,n
2945374,2442,and Fiona's father hired a sleazy hitman wacky,n
2948016,1361,It'd be better in the morning,n
2949016,921,You'll see,n
2950979,2642,The sun'll come out,m
2954422,2041,tomorrow,m
2956774,680,Bit your bottom dollar,m
2958745,1401,Bit my bottom,s
2962604,1040,Donkey,s
2963669,1521,Are you all right,s
2965590,2682,Hey boss Let's shave him,n
2968272,1761,Dododonkey,n
2978439,1882,There you are We missed you at dinner,j
2981842,1081,What is it darling,n
2982656,3562,Dad I've been thinking about what you cid,c
2988006,1521,And I'm gonna set things right,c
2989888,2241,Excellent That's my girl,j
2992169,2042,It was a mistake to bring Shrek here,c
2995292,1721,I'm gonna go out and find him,c
2997854,2722,And then we're gonna go back to the swamp where we belong,c
3003938,841,Fiona Please,c
3005579,2922,Err let's stop being rash darling,n
3012256,920,Fiona Fiona,s
3051616,2122,Look look Shh quiet,j
3057777,1882,Good morning sleepy head,j
3060216,2843,Good morning We love your kitty,j
3063742,1481,My head,c
3065263,1881,Here I fetched you a pail of water,j
3067224,1561,Oh eh thanks,n
3076591,1801,A cute button nose,s
3079153,1681,thick wavy locks,s
3081772,2121,Taut round buttocks,s
3084612,1681,I'm I'm,s
3086078,921,Gorgeous,n
3086896,1961,I'll cy I'm Jill What's your name,n
3089040,1161,I'm Shrek,n
3089976,1441,Shrek Wow,n
3091882,1201,Are you from Europe,n
3093283,1201,You're so tense,n
3094056,3123,I wanna rub your shoulders I got it covered thanks I don't have anything to rub,c
3097727,1441,Well get in line,n
3099096,1921,Have you ladies seen my donkey,n
3101289,1161,"Who are you calling ""donkey""",a
3104091,1641,Donkey You're a,s
3105813,2521,A stallion baby I can whinny,j
3108336,1922,I can,j
3111372,921,Look at me Shrek,j
3111696,881,I'm trotting,j
3114529,2562,That's some quality potion What's the next stuff,j
3117061,3482,Oh don't drink the potion,d
3121336,4443,Warning Side effects may include burning itching oozing weeping,n
3125867,3683,Not intended for heart patients or those with nervous disorders,n
3134433,721,What,s
3135376,3363,Senor To make the effects of this potion permanent,n
3138757,2521,the drinker must obtain his true love's kiss,n
3141318,1081,by midnight,n
3142599,2682,Midnight Why is it always midnight,s
3145811,2442,Pick me I'll be your true love I'll be your true love,j
3147923,2082,I'll be true enough,n
3150365,3202,Look Ladies I already have a true love,n
3154536,4123,But take it from me boss You're going to have one ctisfied princess,n
3159051,2843,Let's face it You are,n
3161934,2641,But inside you're still the cme old mean clty,n
3164575,1962,cantankerous All right then,n
3166577,3563,angry ogre you've always been And you're still the cme annoying donkey,n
3170260,1000,Yeah,j
3173724,4924,Well look out princess Here comes the new me,j
3179605,2762,First things first We need to get you out of those clothes,n
3186592,1200,Ready Ready,n
3192896,841,Stop,n
3194157,2522,God help me please,f
3196839,3443,I'm blind I'm blind Never be able to play the violin again,f
3200362,3963,Oh you poor creature Is there anything I can do for you,c
3204685,1801,Well I guess there is one thing,n
3206686,2962,Take off the powder wig and step away from your drawers,n
3213451,2202,Not bad Not bad at all,n
3224216,2402,Father Is everything all right father,n
3231544,1321,Thank you gentlemen,n
3233066,2081,Some day I will repay you,n
3235227,3162,Unless of course I can't find you or if I forget,n
3256016,4443,Turn faces strange changes,m
3260966,3002,Don't wanna be a richer one,m
3264088,5844,Turn faces strange changes,m
3270013,2962,Just gonna have to be a different man,m
3273055,5404,Time may change me But I can't trace time,m
3280981,4283,Halt Tell princess Fiona her husband Sir Shrek is here to see her,n
3289747,3122,Still don't know what I was looking for,m
3292949,4884,And my time was running wild A million deadend streets,m
3297913,3002,Every time I thought IŠ—Èd got it made,m
3300955,3243,It seemed the taste was not so sweet,m
3306612,921,Fiona,f
3307400,800,Shrek,s
3312644,5284,Time may change me But I canŠ—Èt trace time,m
3317968,1080,Fiona,f
3322251,1681,Hello handsome,n
3324853,1361,Shrek,f
3327134,841,Princess,s
3328016,1681,Donkey,s
3329936,1882,Wow that potion worked on you too hah,s
3332018,1241,What potion,s
3333376,3082,It's kind of a long story but see Shrek and I took some magic potion,n
3336501,2402,and well now we're sexy,j
3340544,601,Shrek,s
3345107,2682,For you baby I could be,n
3347829,1081,Yeah you wish,n
3348896,1401,Donkey where is Shrek,s
3350471,1361,He just went inside looking for you,n
3354474,801,Shrek,f
3356196,880,Fiona,f
3357056,1441,Fiona,f
3360439,2001,You wanna dance pretty boy,n
3365042,1561,Where are you going so soon,n
3366683,2202,Don't you wanna see your wife,n
3369725,960,Fiona,n
3373328,921,Shrek,s
3374376,2242,Aye Fiona It is me,n
3377251,1401,What happened to your voice,n
3378336,3723,Err the potion changed a lot of things Fiona,n
3383295,1802,but not the way I feel about you,n
3385577,1121,Fiona,n
3388089,1281,Charming,s
3388936,1601,Ah do you think so,n
3391689,721,dad,n
3391776,2001,I was so hoping you'd approve,n
3394544,1441,Who are you,n
3396105,1441,Mom it's me Shrek,n
3397826,3483,I know you never get a second chance of a first impression,n
3401509,2522,but well What do you think,n
3408073,2402,Fiona Fiona,a
3412277,1401,FIONA,a
3414654,2442,Fiona Fiona Fiona,c
3417921,3202,I don't think they can hear us pigeon,n
3423569,3242,Don't you think you've already messed her life up enough,n
3427767,2041,I just wanted her to be happy,c
3429729,4203,And now she can be Oh sweetheart,n
3434333,3602,She's finally found the prince of her dreams,n
3438015,3323,But look at me Look what I've done for her,c
3441418,3482,It's time you stopped living in a fairy tale Shrek,c
3445141,3842,She's a princess And you're an ogre,n
3449929,3642,That's something no amount of potion is ever going to change,n
3460312,2682,But I love her,c
3463554,4964,If you really love her You'll let her go,n
3473001,2041,Shrek Senor,s
3474856,1361,Hey What's going on,s
3476564,1080,Where are you going,s
3483849,4363,You wouldn't have had anything to do with this would you Harold,n
3493376,2962,People just ain't no good,m
3498740,3522,A thing that's well understood,m
3502302,1241,There you go boys,n
3503583,1882,Just leave the bottle Boris,n
3505545,2562,Hey why the long face,n
3508925,2722,It was all just a stupid mistake,a
3512370,3642,I never should have rescued her from that tower in the first place,c
3518194,1601,I hate Mondays,c
3519995,3523,I can't believe you gonna just walk away from the best thing that ever happened to you,n
3523598,4003,What choice do I have She loves that pretty boy,c
3527641,1121,Prince Charming,c
3528802,2281,Ah come on now Is he really that good looking,n
3531527,2042,Are you kidding He's gorgeous,n
3533165,2802,He has a face that looks like it was carved by angels,n
3536087,2202,Hmm he sounds dreamy,n
3538449,3883,You know shockingly this isn't making me feel any better,c
3544813,3083,Look guys It's for the best,c
3548376,4043,Mom and dad approve and Fiona gets the man she's always dreamed of,n
3553019,1642,Everybody wins,c
3556053,4643,Except for you I don't get it Shrek You love Fiona,c
3560865,4003,Aye And that's why I have to let her go,c
3565348,5885,Ahahem excuse me Is she She's in the back,n
3572132,1561,Oh Hello again,n
3577998,2562,Fairy godmother Charming,n
3581212,3322,You'd better have a good reason for dragging us down here Harold,a
3584402,5484,I'm afraid Fiona isn't really warming up to prince Charming,n
3590207,2001,Not my fault,n
3592288,1481,Of course it's not dear,n
3593849,3803,I mean how charming can I be when I have to pretend to be I'm dreadful ogre,a
3597852,5284,It's nobody's fault Perhaps it's best if we call this whole thing off OK,n
3603176,721,What What,a
3604007,3002,I mean you can't force someone to fall in love,n
3607099,2882,How I hate to differ I do it all the time,n
3610702,4363,Have Fiona drink this and she'll fall in love with the first man she kisses,n
3615105,2081,which will be Charming,n
3617733,1401,Errno,n
3619588,1321,What did you cy,a
3620949,2282,I I can't I won't do it,n
3623271,5043,Yes you will If you remember I helped you with your happily ever after,a
3628395,3402,And I can take it away just as easily,a
3631997,1561,Is it what you want,n
3633758,1041,Is it,n
3635768,1241,No,n
3637201,2882,Good boy Now we have to go,n
3640123,2162,I need to do Charming's hair before the ball,n
3642365,3322,You know it's all high in the front You can never get to the back,n
3645376,1802,You know you always need someone to do the back of your hair,n
3648095,1441,Thank you mother,n
3649090,1080,MOTHER,a
3651568,2442,Err a talking horse,s
3653693,1321,The ogre,a
3656575,841,Stop them,a
3659337,1401,Stop them,a
3662099,6405,Far Far Away royal ball blow out,n
3669127,4523,Miss Muffet's curds and whey,n
3673307,4364,Everyone who's anyone has turned up to honour Princess Fiona and Prince Shrek,n
3677711,2401,and oh my the outfits look gorgeous,n
3680152,2202,Look Hansel and Gretel,n
3684476,3042,And right behind them Tom Thumb and Thumbelina,n
3687558,1881,Aren't they adorable,n
3690200,2281,Here comes Sleeping Beauty,n
3695927,1801,Who's this Who's this,s
3699415,4364,Oh It's the one It's the only It's the Fairy Godmother,j
3704290,3162,Hello Far Far Away,j
3711492,5524,May all your endings be happy and ah you know the rest,j
3718220,360,Medieval Entertainment,n
3719008,2682,We'll be right back with the royal Far Far Away ball,m
3721342,1161,after these mescges,m
3722056,3603,I hate these ball shows They bore me to tears,a
3726186,1321,Put over to Wheel of Torture,a
3727587,3883,I'm not flipping anywhere Sir until I see Shrek and Fiona,n
3732132,4163,Bad wizards on you guys Hey mice pass me a buffalo wing,n
3735953,2362,No no to your left YOUR LEFT,a
3741077,1441,Tonight on Knights,n
3742558,1681,Ah Now here's a good show,n
3744279,1882,We got a white bronco headed east into the forest,n
3746201,1201,Requesting backup,n
3748452,2442,This time for the men in steel to teach this madcap,n
3750616,921,that this devilmaycare attitude just won't,n
3754616,2522,Please,n
3758770,2402,I have to talk with Princess Fiona,n
3762412,3003,Will they get away with it Or did someone let the cat out of the bag,n
3768457,1281,Oh Get it off,a
3772100,1721,Captain if I cy it's not mine,n
3774608,1801,Find Princess Fiona,a
3777647,1161,I'm a donkey,a
3781976,1241,Quick Rewind it,n
3784495,800,Shrek,n
3785496,1882,I'm her husband Shrek,n
3813690,1121,Darling,n
3815565,5564,I thought I might find you here How about a nice hot cup of tea before the ball,n
3821966,1441,I'm not going,c
3823697,3123,But the whole kingdom's turned out to celebrate your marriage,n
3826900,3842,There's just one problem That' not my husband,c
3832376,1882,I mean look at him,c
3835146,4683,Yes he is a bit different But people change for the ones they love,n
3840029,2802,You'd be surprised how much I changed for your mother,n
3842911,4043,Change He's completely lost his mind,a
3846994,3283,Darling why not come down to the ball and give him another chance,n
3850317,2922,You might find you like this new Shrek,n
3853399,2642,But it's the old one I fell in love with dad,c
3857293,2322,I'd give anything to have him back,c
3862646,4843,Darling that's mine Decaf Otherwise Im up all night,n
3873934,1041,Thanks,j
3881379,4844,I wanna my Miranda rights I have the right to remain silent,a
3886303,1601,No one cid I have the right to remain silent,a
3887944,3083,Donkey You HAVE the right to remain silent,a
3891067,2281,What you lack is the capacity,a
3893428,3683,I must hold in before I too go totally mad,n
3897191,1081,Shrek,s
3897936,1161,Donkey,s
3899593,1721,Too late,c
3901096,3122,Gingie Pinocchio Get us out of here,s
3933498,1961,Quick Tell a lie,n
3935539,1441,Err what shall I cy,n
3937100,1241,Anything but quick,n
3938381,2362,cy something crazy like I'm wearing ladies' underwear,n
3940903,2682,I err am wearing ladies' underwear,n
3947067,881,Are you,s
3947856,1601,I most certainly am not,a
3950370,1921,It looks like you most certainly are,n
3952551,921,Am not,a
3953576,801,What kind,n
3954393,2121,It's a thong,j
3956554,761,They are briefs,a
3965856,2442,Hey wait Hey,a
3972576,360,What,a
3973006,1281,Puss,a
3976249,840,Sorry boss,n
3977016,2522,Quit messing around We've gotta stop that kiss,a
3979691,1762,I thought you was gonna let her go,n
3981533,2441,I was but I can\t let them do this to Fiona,a
3984014,3003,That's what I wanted to hear Look who's finally coming around,j
3987137,4043,Impossible The castle is guarded and there's a moat and everything,s
3992816,5044,Well folks it looks like we're up chocolate creek without a popsickle stick,c
4002536,1882,Do you still know the muffin man,n
4005430,3243,Well sure He's down on Dreary Lane Why,c
4008913,4923,Because we're gonna need flour Lots and lots of flour,n
4017216,1321,Gingy,j
4018159,4484,Fire up the ovens Muffin Man We've got a big order to fill,j
4026496,1921,It's alive,j
4046820,2602,Go Mongo go,n
4050663,2682,There it is Mongo To the castle,n
4053425,4564,No no no you great stupid pastry Come on,a
4065354,2442,Mongo Down here Look at the pony,n
4068730,2642,That's right Follow the pretty pony,n
4071799,1921,Pretty pony wants to play at the castle,n
4077203,4003,Ladies and gentlemen Presenting Princess Fiona,n
4081286,2642,and her new husband Prince Shrek,n
4086249,2002,Shrek what are you doing,s
4088331,2762,I'm just playing the part Fiona,n
4091253,2161,Is that glitter on your lips,s
4093615,2521,Cherry flavoured Want to taste,n
4097134,1521,What is with you,d
4098578,1441,Muffin cake,n
4103614,2321,C minor Put in C minor,n
4105846,1441,Ladies and gentlemen,n
4109296,2682,I'd like to dedicate this song to,n
4112508,1842,Princess Fiona,n
4114470,2001,and Prince Shrek,n
4116966,4163,Fiona my princess do you honour me with the dance,n
4122164,4123,Where have all the good men gone and,m
4125998,3363,where are all the gods,m
4129936,7486,Where's the streetwise Hercules To fight the rising odds,m
4140169,1561,Since when do you dance,s
4141970,3643,Fiona my dearest if there's one thing I know is that love,n
4145616,1801,is full of surprises,n
4147614,8326,Late at night I toss and turn and dream of what I need,m
4157341,761,Hit it,a
4161464,1761,I need a hero,m
4163466,3963,All right big fella Let's crash this party,j
4167969,1441,Fire the catapult,f
4171576,1160,Fire,n
4183921,2682,The gumdrop button,f
4193136,1561,It's coming,f
4195889,921,All right,j
4199252,5044,Somewhere after midnight In my wildest fantasy,m
4205256,1121,Go Mongo GO,n
4216544,2242,After you Mongo,n
4221308,1041,That's it,n
4224470,1321,Watch out,s
4232716,1882,More heat Let's go,a
4234638,2802,Up where the mountains meet the heavens above,m
4237520,2922,Out where the lightning splits the sea,m
4240602,4603,I could swear that there's someone somewhere watching me,m
4285256,961,COME ON,a
4295122,2001,I need a hero,m
4297364,3482,I'm holding out for a hero 'til the morning light,m
4301174,5965,He's gotta be strong And it's gotta be soon And he's gotta be larger than life,m
4308972,640,Puss,a
4313215,2402,Go Go Your lady needs you GO,n
4318459,2482,Today I repay my debt,n
4328546,2162,En guarde,a
4334551,2802,And he's gotta be strong And he's gotta be fast,m
4337393,2482,And he's gotta be fresh from the fight,m
4340515,1161,I need a hero,m
4341536,801,STOP,a
4347920,3123,Hey You Back away from my wife,a
4351243,841,Shrek,s
4353052,2482,You couldn't just go back to your swamp and,a
4355486,1561,live well enough alone,a
4357127,2122,No Pigs on blanket,a
4362011,2081,Pinocchio Get the wand,a
4368696,1761,I'm a real boy,j
4372538,1442,Look out,n
4386576,2162,I'm a real ha,n
4392736,1442,It's mine That's mine,n
4398638,1761,Pray for mercy from Puss,j
4400519,841,And Donkey,j
4402040,2562,She's taken the potion Kiss her now,a
4407964,921,Noo,a
4430381,720,Fiona,j
4430936,1201,Shrek,n
4432422,3643,Harold You were supposed to give her the potion,a
4436265,3883,Well I guess I gave her the wrong tea,n
4440228,921,Mummy,j
4441056,880,Mummy,s
4443896,5604,I told you ogres don't live happily ever after,a
4473216,880,Dad,c
4477411,1602,Is he up,c
4480816,2081,He croaked,c
4484700,1161,Harold,s
4485896,921,Dad,s
4487045,3242,I thought you'd never see me like this,c
4490265,2321,Hey you gave me a hard time Donkey,a
4492626,2002,No no he's right I'm sorry,c
4494708,5164,to both of you I only wanted what was best for Fiona,c
4500569,3683,But I can see now She already has it,n
4505368,1961,Shrek Fiona,n
4507757,3683,Will you accept an old frog's appologies,n
4511960,1562,and my blessing,n
4514722,921,Harold,s
4515935,4443,I'm sorry Lilian I just wish I could be the man you deserve,c
4521646,3402,You're more that man today than you ever were,j
4525893,1281,warts and all,j
4530454,2682,Boss The Happy TOgether Ever After Potion,s
4533176,1681,Midnight,s
4535045,2882,Fiona Is this what you want,n
4538574,2722,to be this way forever What,n
4541532,4603,'cause if you kissed me now we can stay like this,n
4546888,2842,You'd do that For me,s
4549816,1081,Yes,n
4559235,5524,I want what every princess wants to live happily ever after,n
4568562,2842,With the ogre I married,n
4573846,2842,Whatever happens I must not cry,n
4576768,2602,You cannot make me cry,c
4603265,1635,No no no NO,f
4628200,3000,You still look like a noble steed to me,n
4635296,2520,Now Where were we,j
4637810,2245,I remember,j
4646980,3400,Aren't we supposed to be having a fiesta,j
4650420,1240,Uno dos quatro Hit it,j
4661030,4680,She's in superstitions black cats and voodoo dolls,m
4666190,4770,You feel a premonition That girl's gonna make me fall,m
4702611,1240,Hey gorgeous,m